TradeID,TradeOpenDate,TradeOpenTime,Currency,TradeType,Entry,TP1,TP2,TP3,SL,TradeClosePrice,TradeCloseDate,TradeCloseTime,Pips,Status,TMonth,TYear,Tpips
2,01-01-14,0:00:00,EURUSD,BUY,1.365,1.3675,25,25,1.3625,1.3675,0000-00-00,0:00:00,25,CLOSED,January,2014,25
3,02-01-14,0:00:00,EURUSD,SELL,1.484,1.4815,25,25,1.4865,1.4865,0000-00-00,0:00:00,-25,CLOSED,January,2014,0
4,03-01-14,0:00:00,EURUSD,SELL,1.3615,1.3614,50,20,1.3615,1.3614,0000-00-00,0:00:00,50,CLOSED,January,2014,50
5,06-01-14,0:00:00,EURUSD,BUY,1.3645,1.3695,50,15,1.363,1.3695,0000-00-00,0:00:00,50,CLOSED,January,2014,100
6,07-01-14,0:00:00,EURUSD,BUY,1.367,1.369,20,25,1.3645,1.369,0000-00-00,0:00:00,20,CLOSED,January,2014,120
7,08-01-14,0:00:00,GBPUSD,BUY,1.64,1.6425,25,25,1.6375,1.6425,0000-00-00,0:00:00,25,CLOSED,January,2014,145
8,09-01-14,0:00:00,EURJPY,BUY,141.95,142.2,25,20,141.75,142.2,0000-00-00,0:00:00,25,CLOSED,January,2014,170
9,10-01-14,0:00:00,EURUSD,SELL,1.3635,1.357,65,25,1.366,1.357,0000-00-00,0:00:00,65,CLOSED,January,2014,235
10,20-01-14,0:00:00,EURJPY,SELL,141.65,141.15,50,25,141.9,141.15,0000-00-00,0:00:00,50,CLOSED,January,2014,285
11,21-01-14,0:00:00,EURUSD,SELL,1.353,1.351,20,20,1.355,1.355,0000-00-00,0:00:00,-20,CLOSED,January,2014,265
12,22-01-14,0:00:00,EURUSD,SELL,1.357,1.3545,25,20,1.359,1.3545,0000-00-00,0:00:00,25,CLOSED,January,2014,290
13,23-01-14,0:00:00,AUDUSD,BUY,0.879,0.8815,25,25,0.8765,0.8765,0000-00-00,0:00:00,-25,CLOSED,January,2014,265
14,24-01-14,0:00:00,EURJPY,BUY,141.55,141.8,25,25,141.3,141.8,0000-00-00,0:00:00,25,CLOSED,January,2014,290
15,25-01-14,0:00:00,EURUSD,SELL,1.367,1.3645,25,30,1.37,1.37,0000-00-00,0:00:00,-30,CLOSED,January,2014,260
16,27-01-14,0:00:00,AUDUSD,SELL,0.8795,0.8775,20,25,0.882,0.8775,0000-00-00,0:00:00,20,CLOSED,January,2014,280
17,28-01-14,0:00:00,EURUSD,SELL,1.368,1.3605,75,20,1.37,1.3605,0000-00-00,0:00:00,75,CLOSED,January,2014,355
18,29-01-14,0:00:00,EURUSD,BUY,1.361,1.3665,55,20,1.359,1.359,0000-00-00,0:00:00,-20,CLOSED,January,2014,335
19,30-01-14,0:00:00,GBPJPY,BUY,168.8,169.1,30,30,168.5,169.1,0000-00-00,0:00:00,30,CLOSED,January,2014,365
20,03-02-14,0:00:00,EURUSD,BUY,1.351,1.3535,25,25,1.3485,1.3535,0000-00-00,0:00:00,25,CLOSED,February,2014,390
21,04-02-14,0:00:00,GBPUSD,BUY,1.6285,1.6335,50,25,1.626,1.626,0000-00-00,0:00:00,-25,CLOSED,February,2014,365
22,05-02-14,0:00:00,GBPUSD,BUY,1.628,1.631,30,30,1.625,1.631,0000-00-00,0:00:00,30,CLOSED,February,2014,395
23,06-02-14,0:00:00,USDCAD,SELL,1.11,1.106,40,20,1.112,1.106,0000-00-00,0:00:00,40,CLOSED,February,2014,435
24,07-02-14,0:00:00,EURUSD,BUY,1.359,1.366,70,20,1.357,1.366,0000-00-00,0:00:00,70,CLOSED,February,2014,505
25,08-02-14,0:00:00,EURGBP,BUY,8.83,9.23,40,20,8.63,8.63,0000-00-00,0:00:00,-20,CLOSED,February,2014,485
26,09-02-14,0:00:00,EURUSD,BUY,1.3575,1.3635,60,25,1.355,1.3635,0000-00-00,0:00:00,60,CLOSED,February,2014,545
27,10-02-14,0:00:00,EURJPY,SELL,139.45,139.35,10,30,139.75,139.35,0000-00-00,0:00:00,10,CLOSED,February,2014,555
28,17-02-14,0:00:00,EURUSD,SELL,1.371,1.3695,15,25,1.3735,1.3695,0000-00-00,0:00:00,15,CLOSED,February,2014,570
29,18-02-14,0:00:00,EURUSD,SELL,1.371,1.367,40,15,1.3725,1.3725,0000-00-00,0:00:00,-15,CLOSED,February,2014,555
30,19-02-14,0:00:00,GBPUSD,SELL,1.668,1.6655,25,30,1.671,1.6655,0000-00-00,0:00:00,25,CLOSED,February,2014,580
31,20-02-14,0:00:00,AUDUSD,SELL,0.9035,0.897,65,20,0.9055,0.897,0000-00-00,0:00:00,65,CLOSED,February,2014,645
32,21-02-14,0:00:00,EURUSD,SELL,1.3718,1.3698,20,22,1.374,1.3698,0000-00-00,0:00:00,20,CLOSED,February,2014,665
33,24-02-14,0:00:00,AUDUSD,SELL,0.8982,0.8937,45,23,0.9005,0.9005,0000-00-00,0:00:00,-23,CLOSED,February,2014,642
34,25-02-14,0:00:00,EURJPY,BUY,140.6,140.8,20,25,140.35,140.8,0000-00-00,0:00:00,20,CLOSED,February,2014,662
35,26-02-14,0:00:00,USDJPY,BUY,102.15,102.4,25,25,101.9,102.4,0000-00-00,0:00:00,25,CLOSED,February,2014,687
36,27-02-14,0:00:00,NZDUSD,BUY,0.83,0.8363,63,25,0.8275,0.8363,0000-00-00,0:00:00,63,CLOSED,February,2014,750
37,28-02-14,0:00:00,NZDUSD,SELL,0.84,0.836,40,25,0.8425,0.836,0000-00-00,0:00:00,40,CLOSED,February,2014,790
38,03-03-14,0:00:00,GBPUSD,BUY,1.6683,1.6733,50,23,1.666,1.666,0000-00-00,0:00:00,-23,CLOSED,March,2014,767
39,04-03-14,0:00:00,USDCAD,SELL,1.1095,1.1075,20,20,1.1115,1.1075,0000-00-00,0:00:00,20,CLOSED,March,2014,787
40,05-03-14,0:00:00,GBPUSD,BUY,1.6705,1.677,65,25,1.668,1.677,0000-00-00,0:00:00,65,CLOSED,March,2014,852
41,06-03-14,0:00:00,EURUSD,SELL,1.3875,1.3865,10,20,1.3895,1.3865,0000-00-00,0:00:00,10,CLOSED,March,2014,862
42,10-03-14,0:00:00,USDJPY,SELL,103.35,103.2,15,25,103.6,103.2,0000-00-00,0:00:00,15,CLOSED,March,2014,877
43,11-03-14,0:00:00,NZDUSD,SELL,0.8495,0.8475,20,25,0.852,0.8475,0000-00-00,0:00:00,20,CLOSED,March,2014,897
44,12-03-14,0:00:00,NZDUSD,SELL,0.8485,0.8445,40,25,0.851,0.8445,0000-00-00,0:00:00,40,CLOSED,March,2014,937
45,13-03-14,0:00:00,USDCAD,BUY,1.1105,1.1145,40,25,1.108,1.1145,0000-00-00,0:00:00,40,CLOSED,March,2014,977
46,14-03-14,0:00:00,EURJPY,BUY,143.1,143.6,50,25,142.85,142.85,0000-00-00,0:00:00,-25,CLOSED,March,2014,952
47,17-03-14,0:00:00,EURUSD,SELL,1.3905,1.386,45,20,1.3925,1.3925,0000-00-00,0:00:00,-20,CLOSED,March,2014,932
48,18-03-14,0:00:00,NZDUSD,SELL,0.8565,0.8545,20,25,0.859,0.8545,0000-00-00,0:00:00,20,CLOSED,March,2014,952
49,19-03-14,0:00:00,AUDUSD,BUY,0.91,0.912,20,25,0.9075,0.912,0000-00-00,0:00:00,20,CLOSED,March,2014,972
50,24-03-14,0:00:00,EURJPY,SELL,140.8,140.35,45,20,141,141,0000-00-00,0:00:00,-20,CLOSED,March,2014,952
51,25-03-14,0:00:00,USDCAD,SELL,1.124,1.118,60,125,1.1365,1.118,0000-00-00,0:00:00,60,CLOSED,March,2014,1012
52,26-03-14,0:00:00,EURUSD,BUY,1.374,1.38,60,40,1.37,1.38,0000-00-00,0:00:00,60,CLOSED,March,2014,1072
53,01-04-14,0:00:00,GBPUSD,BUY,1.665,1.672,70,7,1.6643,1.6643,0000-00-00,0:00:00,-7,CLOSED,April,2014,1065
54,02-04-14,0:00:00,USDCAD,SELL,1.1045,1.1005,40,30,1.1075,1.1005,0000-00-00,0:00:00,40,CLOSED,April,2014,1105
55,03-04-14,0:00:00,USDCAD,SELL,1.103,1.1015,15,30,1.106,1.1015,0000-00-00,0:00:00,15,CLOSED,April,2014,1120
56,04-04-14,0:00:00,NZDUSD,BUY,0.853,0.859,60,30,0.85,0.859,0000-00-00,0:00:00,60,CLOSED,April,2014,1180
57,07-04-14,0:00:00,GBPJPY,BUY,170.9,171.42,52,40,170.5,171.42,0000-00-00,0:00:00,52,CLOSED,April,2014,1232
58,08-04-14,0:00:00,USDJPY,SELL,102.85,102.25,60,30,103.15,102.25,0000-00-00,0:00:00,60,CLOSED,April,2014,1292
59,09-04-14,0:00:00,USDJPY,SELL,101.7,101.5,20,30,102,101.5,0000-00-00,0:00:00,20,CLOSED,April,2014,1312
60,14-04-14,0:00:00,EURJPY,SELL,140.75,140.55,20,30,141.05,140.55,0000-00-00,0:00:00,20,CLOSED,April,2014,1332
61,15-04-14,0:00:00,USDJPY,SELL,101.82,101.6,22,28,102.1,101.6,0000-00-00,0:00:00,22,CLOSED,April,2014,1354
62,16-04-14,0:00:00,AUDUSD,SELL,0.936,0.9315,45,10,0.937,0.937,0000-00-00,0:00:00,-10,CLOSED,April,2014,1344
63,17-04-14,0:00:00,EURJPY,BUY,141.2,141.7,50,30,140.9,141.7,0000-00-00,0:00:00,50,CLOSED,April,2014,1394
64,21-04-14,0:00:00,EURUSD,SELL,1.38,1.3745,55,8,1.3808,1.3808,0000-00-00,0:00:00,-8,CLOSED,April,2014,1386
65,22-04-14,0:00:00,EURUSD,BUY,1.3815,1.3835,20,30,1.3785,1.3835,0000-00-00,0:00:00,20,CLOSED,April,2014,1406
66,23-04-14,0:00:00,NZDUSD,BUY,0.856,0.8575,15,25,0.8535,0.8575,0000-00-00,0:00:00,15,CLOSED,April,2014,1421
67,01-05-14,0:00:00,USDCAD,SELL,1.0972,1.0929,43,23,1.0995,1.0995,0000-00-00,0:00:00,-23,CLOSED,May,2014,1398
68,02-05-14,0:00:00,GBPUSD,BUY,1.686,1.692,60,30,1.683,1.692,0000-00-00,0:00:00,60,CLOSED,May,2014,1458
69,03-05-14,0:00:00,GBPUSD,SELL,1.696,1.694,20,30,1.699,1.694,0000-00-00,0:00:00,20,CLOSED,May,2014,1478
70,05-05-14,0:00:00,GBPUSD,SELL,1.689,1.683,60,40,1.693,1.683,0000-00-00,0:00:00,60,CLOSED,May,2014,1538
71,06-05-14,0:00:00,EURUSD,SELL,1.3715,1.365,65,30,1.3745,1.365,0000-00-00,0:00:00,65,CLOSED,May,2014,1603
72,07-05-14,0:00:00,EURJPY,SELL,139.16,139.06,10,39,139.55,139.06,0000-00-00,0:00:00,10,CLOSED,May,2014,1613
73,12-05-14,0:00:00,USDJPY,SELL,101.37,101.15,22,28,101.65,101.15,0000-00-00,0:00:00,22,CLOSED,May,2014,1635
74,13-05-14,0:00:00,GBPUSD,SELL,1.6825,1.6755,70,30,1.6855,1.6755,0000-00-00,0:00:00,70,CLOSED,May,2014,1705
75,14-05-14,0:00:00,EURJPY,SELL,138.7,138.5,20,30,139,138.5,0000-00-00,0:00:00,20,CLOSED,May,2014,1725
76,19-05-14,0:00:00,EURUSD,BUY,1.3654,1.3707,53,29,1.3625,1.3625,0000-00-00,0:00:00,-29,CLOSED,May,2014,1696
77,02-06-14,0:00:00,EURUSD,BUY,1.3615,1.3665,50,25,1.359,1.359,0000-00-00,0:00:00,-25,CLOSED,June,2014,1671
78,03-06-14,0:00:00,USDJPY,BUY,102.38,102.55,17,33,102.05,102.55,0000-00-00,0:00:00,17,CLOSED,June,2014,1688
79,04-06-14,0:00:00,EURJPY,BUY,139.7,139.8,10,25,139.45,139.8,0000-00-00,0:00:00,10,CLOSED,June,2014,1698
80,05-06-14,0:00:00,USDJPY,SELL,102.5,102.38,12,30,102.8,102.38,0000-00-00,0:00:00,12,CLOSED,June,2014,1710
81,06-06-14,0:00:00,EURUSD,BUY,1.3635,1.3655,20,25,1.361,1.3655,0000-00-00,0:00:00,20,CLOSED,June,2014,1730
82,09-06-14,0:00:00,GBPUSD,BUY,1.6787,1.6812,25,29,1.6758,1.6812,0000-00-00,0:00:00,25,CLOSED,June,2014,1755
83,10-06-14,0:00:00,GBPUSD,BUY,1.6806,1.6853,47,24,1.6782,1.6782,0000-00-00,0:00:00,-24,CLOSED,June,2014,1731
84,11-06-14,0:00:00,USDJPY,SELL,102.06,101.7,36,24,102.3,101.7,0000-00-00,0:00:00,36,CLOSED,June,2014,1767
85,16-06-14,0:00:00,EURUSD,SELL,1.3558,1.3508,50,22,1.358,1.358,0000-00-00,0:00:00,-22,CLOSED,June,2014,1745
86,17-06-14,0:00:00,GBPUSD,BUY,1.696,1.6982,22,30,1.693,1.6982,0000-00-00,0:00:00,22,CLOSED,June,2014,1767
87,23-06-14,0:00:00,GBPUSD,BUY,1.7006,1.7026,20,36,1.697,1.7026,0000-00-00,0:00:00,20,CLOSED,June,2014,1787
88,24-06-14,0:00:00,NZDUSD,BUY,0.872,0.877,50,30,0.869,0.869,0000-00-00,0:00:00,-30,CLOSED,June,2014,1757
89,25-06-14,0:00:00,EURUSD,BUY,1.36,1.362,20,30,1.357,1.362,0000-00-00,0:00:00,20,CLOSED,June,2014,1777
90,26-06-14,0:00:00,GBPUSD,SELL,1.6995,1.6975,20,30,1.7025,1.6975,0000-00-00,0:00:00,20,CLOSED,June,2014,1797
91,27-06-14,0:00:00,GBPUSD,BUY,1.7025,1.7035,10,40,1.6985,1.7035,0000-00-00,0:00:00,10,CLOSED,June,2014,1807
92,28-06-14,0:00:00,EURUSD,SELL,1.3682,1.3625,57,23,1.3705,1.3625,0000-00-00,0:00:00,57,CLOSED,June,2014,1864
93,01-07-14,0:00:00,GBPUSD,SELL,1.7155,1.7135,20,25,1.718,1.7135,0000-00-00,0:00:00,20,CLOSED,July,2014,1884
94,02-07-14,0:00:00,GBPUSD,SELL,1.7142,1.7097,45,23,1.7165,1.7165,0000-00-00,0:00:00,-23,CLOSED,July,2014,1861
95,07-07-14,0:00:00,USDJPY,SELL,102.1,101.5,60,30,102.4,101.5,0000-00-00,0:00:00,60,CLOSED,July,2014,1921
96,08-07-14,0:00:00,EURUSD,BUY,1.3595,1.364,45,30,1.3565,1.364,0000-00-00,0:00:00,45,CLOSED,July,2014,1966
97,09-07-14,0:00:00,EURJPY,BUY,138.4,138.95,55,20,138.2,138.2,0000-00-00,0:00:00,-20,CLOSED,July,2014,1946
98,14-07-14,0:00:00,EURUSD,SELL,1.362,1.3602,18,20,1.364,1.3602,0000-00-00,0:00:00,18,CLOSED,July,2014,1964
99,15-07-14,0:00:00,USDCHF,SELL,0.898,0.8945,35,15,0.8995,0.8995,0000-00-00,0:00:00,-15,CLOSED,July,2014,1949
100,21-07-14,0:00:00,GBPUSD,BUY,1.706,1.7095,35,25,1.7035,1.7095,0000-00-00,0:00:00,35,CLOSED,July,2014,1984
101,22-07-14,0:00:00,USDCAD,SELL,1.0735,1.069,45,25,1.076,1.076,0000-00-00,0:00:00,-25,CLOSED,July,2014,1959
102,23-07-14,0:00:00,EURUSD,BUY,1.3375,1.3435,60,25,1.335,1.3435,0000-00-00,0:00:00,60,CLOSED,July,2014,2019
103,01-08-14,0:00:00,EURJPY,BUY,137.5,138.05,55,30,137.2,137.2,0000-00-00,0:00:00,-30,CLOSED,August,2014,1989
104,02-08-14,0:00:00,EURUSD,BUY,1.3365,1.3415,50,35,1.333,1.3415,0000-00-00,0:00:00,50,CLOSED,August,2014,2039
105,04-08-14,0:00:00,EURUSD,BUY,1.3355,1.34,45,35,1.332,1.34,0000-00-00,0:00:00,45,CLOSED,August,2014,2084
106,05-08-14,0:00:00,USDCHF,SELL,0.9088,0.903,58,22,0.911,0.903,0000-00-00,0:00:00,58,CLOSED,August,2014,2142
107,06-08-14,0:00:00,USDJPY,SELL,102.55,102.15,40,25,102.8,102.15,0000-00-00,0:00:00,40,CLOSED,August,2014,2182
108,11-08-14,0:00:00,USDJPY,SELL,102.55,102.05,50,25,102.8,102.8,0000-00-00,0:00:00,-25,CLOSED,August,2014,2157
109,18-08-14,0:00:00,AUDUSD,SELL,0.936,0.93,60,50,0.941,0.93,0000-00-00,0:00:00,60,CLOSED,August,2014,2217
110,19-08-14,0:00:00,GBPUSD,SELL,1.656,1.649,70,35,1.6595,1.6595,0000-00-00,0:00:00,-35,CLOSED,August,2014,2182
111,01-09-14,0:00:00,GBPUSD,SELL,1.664,1.65,140,45,1.6685,1.65,0000-00-00,0:00:00,140,CLOSED,September,2014,2322
112,02-09-14,0:00:00,USDCAD,BUY,1.087,1.0985,115,35,1.0835,1.0985,0000-00-00,0:00:00,115,CLOSED,September,2014,2437
113,08-09-14,0:00:00,AUDUSD,BUY,0.931,0.942,110,60,0.925,0.925,0000-00-00,0:00:00,-60,CLOSED,September,2014,2377
114,15-09-14,0:00:00,NZDUSD,BUY,0.8165,0.823,65,30,0.8135,0.823,0000-00-00,0:00:00,65,CLOSED,September,2014,2442
115,16-09-14,0:00:00,GBPUSD,SELL,1.628,1.616,120,70,1.635,1.635,0000-00-00,0:00:00,-70,CLOSED,September,2014,2372
116,22-09-14,0:00:00,GBPUSD,BUY,1.633,1.639,60,25,1.6305,1.639,0000-00-00,0:00:00,60,CLOSED,September,2014,2432
117,23-09-14,0:00:00,AUDUSD,SELL,0.8865,0.88,65,30,0.8895,0.88,0000-00-00,0:00:00,65,CLOSED,September,2014,2497
118,24-09-14,0:00:00,GBPUSD,BUY,1.6295,1.632,25,30,1.6265,1.632,0000-00-00,0:00:00,25,CLOSED,September,2014,2522
119,01-10-14,0:00:00,GBPUSD,SELL,1.6245,1.6175,70,40,1.6285,1.6175,0000-00-00,0:00:00,70,CLOSED,October,2014,2592
120,02-10-14,0:00:00,AUDUSD,SELL,0.872,0.8655,65,35,0.8755,0.8755,0000-00-00,0:00:00,-35,CLOSED,October,2014,2557
121,03-10-14,0:00:00,EURUSD,SELL,1.2685,1.2635,50,60,1.2745,1.2635,0000-00-00,0:00:00,50,CLOSED,October,2014,2607
122,06-10-14,0:00:00,USDCAD,BUY,1.115,1.12,50,50,1.11,1.12,0000-00-00,0:00:00,50,CLOSED,October,2014,2657
123,07-10-14,0:00:00,GBPUSD,SELL,1.621,1.614,70,25,1.6235,1.614,0000-00-00,0:00:00,70,CLOSED,October,2014,2727
124,17-10-14,0:00:00,EURUSD,BUY,1.2685,1.274,55,30,1.2655,1.2655,0000-00-00,0:00:00,-30,CLOSED,October,2014,2697
125,20-10-14,0:00:00,USDCAD,BUY,1.124,1.129,50,60,1.118,1.129,0000-00-00,0:00:00,50,CLOSED,October,2014,2747
126,21-10-14,0:00:00,EURUSD,BUY,1.263,1.2745,115,50,1.258,1.2745,0000-00-00,0:00:00,115,CLOSED,October,2014,2862
127,22-10-14,0:00:00,GBPUSD,SELL,1.614,1.6095,45,25,1.6165,1.6095,0000-00-00,0:00:00,45,CLOSED,October,2014,2907
128,23-10-14,0:00:00,NZDUSD,SELL,0.7945,0.781,135,55,0.8,0.781,0000-00-00,0:00:00,135,CLOSED,October,2014,3042
129,24-10-14,0:00:00,EURUSD,BUY,1.255,1.2575,25,15,1.2535,1.2575,0000-00-00,0:00:00,25,CLOSED,October,2014,3067
130,01-11-14,0:00:00,EURUSD,BUY,1.2515,1.257,55,30,1.2485,1.2485,0000-00-00,0:00:00,-30,CLOSED,November,2014,3037
131,03-11-14,0:00:00,AUDUSD,SELL,0.8705,0.8065,640,35,0.874,0.874,0000-00-00,0:00:00,-35,CLOSED,November,2014,3002
132,04-11-14,0:00:00,NZDUSD,SELL,0.7905,0.7855,50,55,0.796,0.7855,0000-00-00,0:00:00,50,CLOSED,November,2014,3052
133,10-11-14,0:00:00,EURUSD,BUY,1.245,1.2515,65,30,1.242,1.2515,0000-00-00,0:00:00,65,CLOSED,November,2014,3117
134,11-11-14,0:00:00,USDCAD,BUY,1.131,1.1355,45,25,1.1285,1.1285,0000-00-00,0:00:00,-25,CLOSED,November,2014,3092
135,17-11-14,0:00:00,AUDUSD,BUY,0.8645,0.869,45,25,0.862,0.862,0000-00-00,0:00:00,-25,CLOSED,November,2014,3067
136,18-11-14,0:00:00,USDCAD,BUY,1.123,1.1275,45,55,1.1175,1.1275,0000-00-00,0:00:00,45,CLOSED,November,2014,3112
137,19-11-14,0:00:00,EURUSD,SELL,1.251,1.238,130,140,1.265,1.238,0000-00-00,0:00:00,130,CLOSED,November,2014,3242
138,20-11-14,0:00:00,EURUSD,SELL,1.249,1.2425,65,25,1.2515,1.2425,0000-00-00,0:00:00,65,CLOSED,November,2014,3307
139,01-12-14,0:00:00,GBPUSD,SELL,1.5695,1.5645,50,25,1.572,1.572,0000-00-00,0:00:00,-25,CLOSED,December,2014,3282
140,02-12-14,0:00:00,EURUSD,SELL,1.2495,1.2435,60,25,1.252,1.2435,0000-00-00,0:00:00,60,CLOSED,December,2014,3342
141,03-12-14,0:00:00,EURUSD,BUY,1.2325,1.244,115,50,1.2275,1.244,0000-00-00,0:00:00,115,CLOSED,December,2014,3457
142,08-12-14,0:00:00,EURUSD,SELL,1.2355,1.225,105,55,1.241,1.241,0000-00-00,0:00:00,-55,CLOSED,December,2014,3402
143,09-12-14,0:00:00,EURUSD,SELL,1.246,1.238,80,50,1.251,1.238,0000-00-00,0:00:00,80,CLOSED,December,2014,3482
144,10-12-14,0:00:00,NZDUSD,SELL,0.7805,0.7793,12,35,0.784,0.7793,0000-00-00,0:00:00,12,CLOSED,December,2014,3494
145,11-12-14,0:00:00,EURUSD,SELL,1.2468,1.2443,25,27,1.2495,1.2443,0000-00-00,0:00:00,25,CLOSED,December,2014,3519
146,15-12-14,0:00:00,EURUSD,BUY,1.2505,1.253,25,25,1.248,1.253,0000-00-00,0:00:00,25,CLOSED,December,2014,3544
147,16-12-14,0:00:00,EURUSD,BUY,1.246,1.252,60,40,1.242,1.242,0000-00-00,0:00:00,-40,CLOSED,December,2014,3504
148,22-12-14,0:00:00,GBPUSD,BUY,1.549,1.555,60,30,1.546,1.555,0000-00-00,0:00:00,60,CLOSED,December,2014,3564
149,01-01-15,0:00:00,EURUSD,BUY,1.1825,1.1845,20,25,1.18,1.1845,0000-00-00,0:00:00,20,CLOSED,January,2015,3584
150,02-01-15,0:00:00,NZDUSD,SELL,0.7806,0.7741,65,24,0.783,0.783,0000-00-00,0:00:00,-24,CLOSED,January,2015,3560
151,05-01-15,0:00:00,EURUSD,BUY,1.1795,1.1845,50,35,1.176,1.1845,0000-00-00,0:00:00,50,CLOSED,January,2015,3610
152,06-01-15,0:00:00,GBPUSD,SELL,1.5215,1.5175,40,30,1.5245,1.5175,0000-00-00,0:00:00,40,CLOSED,January,2015,3650
153,07-01-15,0:00:00,GBPUSD,BUY,1.5187,1.5237,50,23,1.5164,1.5164,0000-00-00,0:00:00,-23,CLOSED,January,2015,3627
154,08-01-15,0:00:00,GBPUSD,BUY,1.518,1.5205,25,25,1.5155,1.5205,0000-00-00,0:00:00,25,CLOSED,January,2015,3652
155,12-01-15,0:00:00,GBPUSD,SELL,1.5193,1.5085,108,42,1.5235,1.5085,0000-00-00,0:00:00,108,CLOSED,January,2015,3760
156,13-01-15,0:00:00,EURUSD,SELL,1.158,1.1525,55,30,1.161,1.161,0000-00-00,0:00:00,-30,CLOSED,January,2015,3730
157,14-01-15,0:00:00,EURUSD,SELL,1.1618,1.1575,43,32,1.165,1.1575,0000-00-00,0:00:00,43,CLOSED,January,2015,3773
158,19-01-15,0:00:00,GBPUSD,SELL,1.5135,1.505,85,40,1.5175,1.5175,0000-00-00,0:00:00,-40,CLOSED,January,2015,3733
159,20-01-15,0:00:00,EURUSD,BUY,1.1308,1.135,42,28,1.128,1.135,0000-00-00,0:00:00,42,CLOSED,January,2015,3775
160,21-01-15,0:00:00,EURUSD,SELL,1.1347,1.128,67,23,1.137,1.128,0000-00-00,0:00:00,67,CLOSED,January,2015,3842
161,22-01-15,0:00:00,GBPUSD,SELL,1.5273,1.5173,100,50,1.5323,1.5323,0000-00-00,0:00:00,-50,CLOSED,January,2015,3792
162,09-02-15,0:00:00,USDCAD,BUY,1.243,1.2455,25,30,1.24,1.2455,0000-00-00,0:00:00,25,CLOSED,February,2015,3817
163,10-02-15,0:00:00,GBPUSD,BUY,1.5255,1.5275,20,25,1.523,1.5275,0000-00-00,0:00:00,20,CLOSED,February,2015,3837
164,11-02-15,0:00:00,USDCAD,BUY,1.247,1.253,60,30,1.244,1.244,0000-00-00,0:00:00,-30,CLOSED,February,2015,3807
165,12-02-15,0:00:00,EURUSD,SELL,1.143,1.139,40,45,1.1475,1.139,0000-00-00,0:00:00,40,CLOSED,February,2015,3847
166,16-02-15,0:00:00,EURUSD,BUY,1.1348,1.1415,67,28,1.132,1.1415,0000-00-00,0:00:00,67,CLOSED,February,2015,3914
167,17-02-15,0:00:00,EURUSD,SELL,1.145,1.1385,65,25,1.1475,1.1385,0000-00-00,0:00:00,65,CLOSED,February,2015,3979
168,18-02-15,0:00:00,EURUSD,BUY,1.1322,1.1345,23,27,1.1295,1.1345,0000-00-00,0:00:00,23,CLOSED,February,2015,4002
169,23-02-15,0:00:00,EURUSD,BUY,1.1317,1.136,43,27,1.129,1.136,0000-00-00,0:00:00,43,CLOSED,February,2015,4045
170,24-02-15,0:00:00,EURUSD,SELL,1.1377,1.135,27,23,1.14,1.135,0000-00-00,0:00:00,27,CLOSED,February,2015,4072
171,02-03-15,0:00:00,GBPUSD,BUY,1.5367,1.539,23,22,1.5345,1.539,0000-00-00,0:00:00,23,CLOSED,March,2015,4095
172,03-03-15,0:00:00,GBPUSD,BUY,1.5275,1.532,45,45,1.523,1.523,0000-00-00,0:00:00,-45,CLOSED,March,2015,4050
173,09-03-15,0:00:00,GBPUSD,BUY,1.5045,1.509,45,25,1.502,1.509,0000-00-00,0:00:00,45,CLOSED,March,2015,4095
174,10-03-15,0:00:00,GBPUSD,BUY,1.4945,1.4995,50,25,1.492,1.492,0000-00-00,0:00:00,-25,CLOSED,March,2015,4070
175,16-03-15,0:00:00,EURUSD,SELL,1.0565,1.0515,50,35,1.06,1.06,0000-00-00,0:00:00,-35,CLOSED,March,2015,4035
176,17-03-15,0:00:00,GBPUSD,BUY,1.4743,1.477,27,28,1.4715,1.477,0000-00-00,0:00:00,27,CLOSED,March,2015,4062
177,18-03-15,0:00:00,EURUSD,SELL,1.085,1.081,40,45,1.0895,1.081,0000-00-00,0:00:00,40,CLOSED,March,2015,4102
178,23-03-15,0:00:00,EURUSD,SELL,1.0932,1.0885,47,25,1.0957,1.0885,0000-00-00,0:00:00,47,CLOSED,March,2015,4149
179,24-03-15,0:00:00,EURUSD,SELL,1.0997,1.095,47,23,1.102,1.095,0000-00-00,0:00:00,47,CLOSED,March,2015,4196
180,25-03-15,0:00:00,EURUSD,BUY,1.095,1.1,50,25,1.0925,1.0925,0000-00-00,0:00:00,-25,CLOSED,March,2015,4171
181,26-03-15,0:00:00,EURUSD,BUY,1.083,1.093,100,50,1.078,1.093,0000-00-00,0:00:00,100,CLOSED,March,2015,4271
182,27-03-15,0:00:00,EURUSD,BUY,1.0834,1.0855,21,24,1.081,1.0855,0000-00-00,0:00:00,21,CLOSED,March,2015,4292
183,01-04-15,0:00:00,EURUSD,BUY,1.073,1.0795,65,25,1.0705,1.0795,0000-00-00,0:00:00,65,CLOSED,April,2015,4357
184,02-04-15,0:00:00,EURUSD,SELL,1.089,1.0865,25,25,1.0915,1.0865,0000-00-00,0:00:00,25,CLOSED,April,2015,4382
185,06-04-15,0:00:00,EURUSD,BUY,1.0905,1.0955,50,25,1.088,1.088,0000-00-00,0:00:00,-25,CLOSED,April,2015,4357
186,07-04-15,0:00:00,EURUSD,BUY,1.0763,1.0805,42,43,1.072,1.0805,0000-00-00,0:00:00,42,CLOSED,April,2015,4399
187,13-04-15,0:00:00,NZDUSD,BUY,0.7428,0.749,62,23,0.7405,0.749,0000-00-00,0:00:00,62,CLOSED,April,2015,4461
188,14-04-15,0:00:00,EURUSD,BUY,1.0582,1.0608,26,25,1.0557,1.0608,0000-00-00,0:00:00,26,CLOSED,April,2015,4487
189,15-04-15,0:00:00,EURUSD,BUY,1.0595,1.066,65,25,1.057,1.066,0000-00-00,0:00:00,65,CLOSED,April,2015,4552
190,20-04-15,0:00:00,EURUSD,BUY,1.0673,1.074,67,23,1.065,1.074,0000-00-00,0:00:00,67,CLOSED,April,2015,4619
191,21-04-15,0:00:00,EURUSD,BUY,1.0705,1.0755,50,25,1.068,1.068,0000-00-00,0:00:00,-25,CLOSED,April,2015,4594
192,22-04-15,0:00:00,EURUSD,SELL,1.0768,1.074,28,32,1.08,1.074,0000-00-00,0:00:00,28,CLOSED,April,2015,4622
193,01-05-15,0:00:00,EURUSD,BUY,1.1115,1.1163,48,25,1.109,1.109,0000-00-00,0:00:00,-25,CLOSED,May,2015,4597
194,02-05-15,0:00:00,EURUSD,BUY,1.1243,1.127,27,28,1.1215,1.127,0000-00-00,0:00:00,27,CLOSED,May,2015,4624
195,04-05-15,0:00:00,EURUSD,SELL,1.1334,1.1279,55,26,1.136,1.136,0000-00-00,0:00:00,-26,CLOSED,May,2015,4598
196,11-05-15,0:00:00,NZDUSD,BUY,0.7392,0.744,48,37,0.7355,0.744,0000-00-00,0:00:00,48,CLOSED,May,2015,4646
197,12-05-15,0:00:00,EURUSD,BUY,1.1174,1.1232,58,32,1.1142,1.1142,0000-00-00,0:00:00,-32,CLOSED,May,2015,4614
198,18-05-15,0:00:00,EURUSD,SELL,1.0915,1.085,65,20,1.0935,1.085,0000-00-00,0:00:00,65,CLOSED,May,2015,4679
199,19-05-15,0:00:00,EURUSD,BUY,1.0828,1.095,122,73,1.0755,1.095,0000-00-00,0:00:00,122,CLOSED,May,2015,4801
200,20-05-15,0:00:00,EURUSD,BUY,1.0901,1.097,69,31,1.087,1.097,0000-00-00,0:00:00,69,CLOSED,May,2015,4870
201,01-06-15,0:00:00,EURUSD,BUY,1.0908,1.0975,67,43,1.0865,1.0975,0000-00-00,0:00:00,67,CLOSED,June,2015,4937
202,02-06-15,0:00:00,EURUSD,SELL,1.1165,1.114,25,30,1.1195,1.114,0000-00-00,0:00:00,25,CLOSED,June,2015,4962
203,03-06-15,0:00:00,EURUSD,SELL,1.1274,1.121,64,25,1.1299,1.121,0000-00-00,0:00:00,64,CLOSED,June,2015,5026
204,08-06-15,0:00:00,EURUSD,SELL,1.1228,1.1174,54,27,1.1255,1.1255,0000-00-00,0:00:00,-27,CLOSED,June,2015,4999
205,09-06-15,0:00:00,EURUSD,BUY,1.1253,1.1282,29,31,1.1222,1.1282,0000-00-00,0:00:00,29,CLOSED,June,2015,5028
206,10-06-15,0:00:00,GBPUSD,SELL,1.558,1.5535,45,60,1.564,1.5535,17-06-15,2:45:41,45,CLOSED,June,2015,5073
208,18-06-15,1:50:56,GBPUSD,SELL,1.584,1.56,0,0,1.594,1.594,18-06-15,8:09:09,-45,CLOSED,June,2015,5028
209,19-06-15,0:35:48,USDCAD,SELL,1.223,1.215,0,0,1.23,1.23,19-06-15,12:06:31,-10,CLOSED ,June,2015,5018
211,22-06-15,12:48:06,AUDNZD,SELL,1.128,1,0,0,1.142,1,24-06-15,1:09:10,0,CLOSED,June,2015,5018
212,22-06-15,14:00:49,EURGBP,BUY,0.7178,0.74,0,0,0,0.74,0000-00-00,0:00:00,0,CLOSED,June,2015,5018
213,22-06-15,18:56:46,USDCAD,SELL,1.232,1.21,0,0,1.244,1.244,24-06-15,14:29:02,-80,Closed,June,2015,4938
214,23-06-15,15:20:08,USDCHF,SELL,0.935,0.903,0,0,0.94,0.903,25-06-15,8:17:36,10,CLOSED ,June,2015,4948
215,24-06-15,2:06:21,EURGBP,BUY,0.71,0.7355,0,0,0.707,0.7355,25-06-15,8:16:11,45,CLOSED,June,2015,4993
217,24-06-15,2:39:39,EURJPY,BUY,138.45,142.55,0,0,137,142.55,25-06-15,8:15:13,30,CLOSED ,June,2015,5023
218,24-06-15,17:53:58,EURUSD,BUY,1.1182,1.1596,0,0,1.11,1.1596,25-06-15,8:14:00,30,CLOSED ,June,2015,5053
219,26-06-15,15:04:15,EURUSD,BUY,1.114,1.15,0,0,1.11,1.15,28-06-15,19:37:47,30,CLOSED ,June,2015,5083
220,07-07-15,14:52:50,EURUSD,SELL,1.0945,1.07,0,0,1.105,1.105,07-07-15,19:50:55,-105,CLOSED,July,2015,4978
221,07-07-15,14:55:32,AUDUSD,SELL,0.741,0.73,0,0,0.76,0.73,15-07-15,18:11:00,55,CLOSED ,July,2015,5033
222,13-07-15,18:42:23,USDCAD,BUY,1.2755,1.3,0,0,1.26,1.3,15-07-15,18:12:22,200,CLOSED ,July,2015,5233
223,13-07-15,18:43:23,AUDUSD,SELL,0.741,0.72,0,0,0.76,0.72,15-07-15,18:17:50,55,CLOSED,July,2015,5288
224,15-07-15,18:13:19,USDCAD,BUY,1.2934,1.32,0,0,1.26,1.32,15-07-15,20:17:43,0,CLOSED,July,2015,5288
225,20-07-15,4:12:04,AUDUSD,SELL,0.737,0.72,0,0,0.74,0.72,24-07-15,5:25:05,80,CLOSED ,July,2015,5368
226,21-07-15,10:12:45,NZDUSD,SELL,0.662,0.62,0,0,0.67,0.62,22-07-15,16:13:46,60,CLOSED ,July,2015,5428
227,22-07-15,7:12:53,EURGBP,SELL,0.702,0.66,0,0,0.707,0.66,22-07-15,15:57:07,50,CLOSED ,July,2015,5478
228,22-07-15,7:13:50,NZDUSD,SELL,0.662,0.63,0,0,0.675,0.63,22-07-15,7:15:20,0,CLOSED ,July,2015,5478
229,22-07-15,7:16:16,EURUSD,SELL,1.095,1.07,0,0,1.13,1.13,27-07-15,16:48:04,-78,CLOSED,July,2015,5400
230,22-07-15,20:25:14,EURGBP,SELL,0.6998,0.685,0,0,0.73,0.685,24-07-15,5:23:24,0,CLOSED,July,2015,5400
231,27-07-15,13:46:46,USDJPY,BUY,123,130,0,0,121,130,27-07-15,16:47:24,20,CLOSED ,July,2015,5420
232,27-07-15,16:49:17,EURUSD,SELL,1.112,1.07,0,0,1.12,1.07,28-07-15,10:18:22,93,CLOSED ,July,2015,5513
233,28-07-15,10:18:59,EURUSD,SELL,1.103,1.07,0,0,1.13,1.07,29-07-15,21:03:28,60,CLOSED ,July,2015,5573
234,29-07-15,21:04:53,EURUSD,SELL,1.099,1.07,0,0,1.12,1.07,30-07-15,16:38:58,100,CLOSED ,July,2015,5673
235,29-07-15,21:06:58,USDCAD,BUY,1.294,1.32,0,0,1.27,1.32,30-07-15,16:37:45,90,CLOSED ,July,2015,5763
236,31-07-15,13:04:40,EURUSD,SELL,1.1067,1.08,0,0,1.12,1.08,31-07-15,17:37:09,61,CLOSED,July,2015,5824
237,31-07-15,17:37:45,EURGBP,SELL,0.705,0.65,0,0,0.73,0.65,04-08-15,18:00:45,45,CLOSED,July,2015,5869
238,03-08-15,15:22:06,USDCAD,BUY,1.3125,1.3444,0,0,1.28,1.3444,0000-00-00,0:00:00,0,CLOSED,August,2015,5869
239,03-08-15,20:46:46,USDJPY,BUY,123.96,125.5,0,0,120,125.5,04-08-15,21:03:22,30,CLOSED,August,2015,5899
240,04-08-15,5:58:48,AUDUSD,SELL,0.7366,0.71,0,0,0.76,0.71,04-08-15,21:01:01,0,CLOSED,August,2015,5899
241,04-08-15,11:38:30,NZDUSD,SELL,0.6615,0.63,0,0,0.679,0.63,05-08-15,19:02:48,125,CLOSED ,August,2015,6024
242,21-08-15,5:10:10,EURUSD,SELL,1.129,1.1,0,0,1.16,1.16,25-08-15,11:03:44,-310,CLOSED,August,2015,5714
243,24-08-15,4:31:55,EURUSD,SELL,1.145,1.1,0,0,1.18,1.1,0000-00-00,0:00:00,0,CLOSED,August,2015,5714
244,27-08-15,10:32:03,USDCAD,SELL,1.3216,1.315,0,0,1.3262,1.3262,0000-00-00,0:00:00,-46,CLOSED,August,2015,5668
245,28-08-15,10:03:49,EURJPY,SELL,136.35,135.5,0,0,136.82,135.5,28-08-15,13:23:30,55,CLOSED,August,2015,5723
246,28-08-15,10:39:42,GBPCHF,SELL,1.4797,1.4715,0,0,1.4865,1.4715,28-08-15,13:22:07,50,CLOSED,August,2015,5773
247,29-08-15,10:50:18,EURJPY,SELL,136.35,135.5,0,0,136.83,135.5,01-09-15,11:58:37,85,CLOSED,August,2015,5858
248,31-08-15,13:58:37,GBPJPY,SELL,186.65,185.5,0,0,187.23,185.5,31-08-15,16:33:52,60,CLOSED,August,2015,5918
249,31-08-15,16:44:26,AUDUSD,SELL,0.711,0.704,0,0,0.7158,0.704,01-09-15,11:58:56,0,CLOSED,August,2015,5918
250,31-08-15,16:45:22,USDCAD,BUY,1.3205,1.331,0,0,1.317,1.331,01-09-15,12:11:20,4,CLOSED,August,2015,5922
251,01-09-15,12:32:00,EURUSD,SELL,1.125,1.116,0,0,1.1298,1.1298,22-09-15,17:09:35,-17,CLOSED,September,2015,5905
252,01-09-15,13:02:52,EURCAD,SELL,1.4823,1.47,0,0,1.489,1.47,22-09-15,20:55:36,60,CLOSED,September,2015,5965
253,02-09-15,10:42:22,GBPJPY,SELL,183.4,182.35,0,0,184.3,182.35,02-09-15,11:50:12,0,CLOSED,September,2015,5965
254,02-09-15,10:43:16,EURAUD,BUY,1.608,1.619,0,0,1.595,1.619,02-09-15,11:49:03,0,CLOSED,September,2015,5965
255,09-09-15,21:40:24,AUDCHF,SELL,0.683,0.671,0,0,0.683,0.671,10-09-15,1:16:29,0,CLOSED,September,2015,5965
256,14-09-15,21:07:19,EURGBP,SELL,0.7335,0.722,0,0,0.738,0.722,16-09-15,10:47:54,60,CLOSED ,September,2015,6025
257,15-09-15,6:37:52,NZDUSD,SELL,0.6312,0.62,0,0,0.6355,0.62,15-09-15,6:55:48,13,CLOSED ,September,2015,6038
258,18-09-15,8:56:58,EURJPY,SELL,136.5,135,0,0,137.5,135,18-09-15,10:40:11,25,CLOSED ,September,2015,6063
259,21-09-15,5:03:35,AUDCAD,SELL,0.948,0.94,0,0,0.952,0.94,22-09-15,18:21:44,40,CLOSED ,September,2015,6103
261,23-09-15,20:50:01,EURUSD,BUY,1.1175,1.13,0,0,1.1105,1.13,24-09-15,13:03:49,100,CLOSED ,September,2015,6203
262,23-09-15,20:50:37,EURJPY,BUY,134.4,136.15,0,0,133.15,136.15,24-09-15,13:02:25,20,CLOSED ,September,2015,6223
263,24-09-15,17:22:24,GBPUSD,BUY,1.525,1.545,0,0,1.5195,1.545,25-09-15,6:59:06,10,CLOSED,September,2015,6233
264,24-09-15,17:22:33,GBPUSD,BUY,1.525,1.545,0,0,1.5195,1.545,25-09-15,6:59:43,10,CLOSED,September,2015,6243
265,25-09-15,5:51:16,GBPJPY,BUY,183,187,0,0,181.66,187,25-09-15,6:54:51,85,CLOSED,September,2015,6328
266,25-09-15,5:52:03,AUDJPY,BUY,84.3,86,0,0,83.9,86,25-09-15,6:54:20,50,CLOSED,September,2015,6378
267,25-09-15,5:53:14,EURUSD,BUY,0.7008,0.72,0,0,0.6937,0.72,25-09-15,5:54:01,0,CLOSED ,September,2015,6378
268,25-09-15,5:55:02,AUDUSD,BUY,0.7008,0.72,0,0,0.6937,0.72,25-09-15,6:53:49,30,CLOSED,September,2015,6408
269,28-09-15,21:10:57,NZDUSD,SELL,0.633,0.622,0,0,0.6405,0.622,29-09-15,6:35:27,30,CLOSED,September,2015,6438
270,29-09-15,21:42:38,EURGBP,SELL,0.7425,0.73,0,0,0.7445,0.73,30-09-15,12:16:18,55,CLOSED,September,2015,6493
271,30-09-15,7:05:09,EURCAD,SELL,1.507,1.49,0,0,1.5155,1.49,30-09-15,12:14:54,62,CLOSED,September,2015,6555
272,30-09-15,7:05:38,USDCAD,SELL,1.3425,1.331,0,0,1.346,1.331,30-09-15,12:18:36,25,CLOSED,September,2015,6580
274,12-10-15,15:51:34,NZDUSD,SELL,0.6736,0.6636,0,0,0.6786,0.6636,13-10-15,0:30:55,42,CLOSED,October,2015,6622
275,13-10-15,13:32:53,GBPJPY,BUY,181.95,182.55,0,0,181.25,182.55,13-10-15,14:07:48,40,CLOSED,October,2015,6662
276,14-10-15,15:02:12,NZDUSD,SELL,0.6766,0.6666,0,0,0.6866,0.6866,15-10-15,13:37:53,-100,CLOSED,October,2015,6562
277,18-10-15,20:52:21,GBPUSD,SELL,1.544,1.5215,0,0,1.5515,1.5515,19-10-15,14:06:57,-40,CLOSED,October,2015,6522
278,18-10-15,20:53:59,NZDUSD,SELL,0.6815,0.6615,0,0,0.6908,0.6615,19-10-15,14:06:20,16,CLOSED,October,2015,6538
279,18-10-15,20:55:46,USDCHF,BUY,0.9535,0.966,0,0,0.9268,0.966,19-10-15,14:05:50,30,CLOSED,October,2015,6568
280,18-10-15,20:56:13,USDCAD,BUY,1.2905,1.306,0,0,1.281,1.306,19-10-15,14:05:16,60,CLOSED,October,2015,6628
281,21-10-15,13:55:00,EURCAD,SELL,1.48,0,0,0,0,0,21-10-15,13:51:36,41.1,CLOSED,October,2015,6669.1
282,21-10-15,15:04:07,AUDUSD,BUY,0.723,0.7381,0,0,0.7207,0.7207,21-10-15,15:27:30,-11,CLOSED,October,2015,6658.1
283,21-10-15,15:39:38,GBPAUD,SELL,2.1388,2.107,0,0,2.1428,2.107,21-10-15,17:23:25,2.6,CLOSED,October,2015,6660.7
284,21-10-15,17:30:20,GBPJPY,SELL,185.46,0,0,0,0,0,21-10-15,13:49:43,0.5,CLOSED,October,2015,6661.2
285,22-10-15,1:17:38,EURCAD,SELL,1.4888,0,0,0,0,0,22-10-15,21:01:06,0.1,CLOSED,October,2015,6661.3
286,23-10-15,9:46:10,NZDUSD,SELL,0.6843,0,0,0,0,0,23-10-15,7:20:23,-10,CLOSED,October,2015,6651.3
287,23-10-15,11:36:10,USDCHF,SELL,0.9728,0,0,0,0,0,23-10-15,14:25:22,-30,CLOSED,October,2015,6621.3
288,23-10-15,12:12:47,NZDUSD,SELL,0.6842,0,0,0,0.6853,0.6853,23-10-15,12:48:40,-11,CLOSED,October,2015,6610.3
289,23-10-15,22:34:57,GBPJPY,SELL,185.97,0,0,0,0,0,26-10-15,9:01:08,50,CLOSED,October,2015,6660.3
290,03-11-15,11:59:56,GBPUSD,BUY,1.54,1.545,0,0,1.53,1.545,03-11-15,12:02:07,0,CLOSED,November,2015,6660.3
291,03-11-15,12:00:05,GBPUSD,SELL,1.54,1.535,0,0,1.55,1.535,03-11-15,12:07:10,12,CLOSED,November,2015,6672.3
292,03-11-15,12:00:05,GBPUSD,SELL,1.54,1.535,0,0,1.55,1.535,03-11-15,12:24:18,18,CLOSED,November,2015,6690.3
293,05-11-15,15:05:29,EURUSD,SELL,1.0872,1.08,0,0,1.095,1.08,06-11-15,13:32:02,72,CLOSED,November,2015,6762.3
294,09-11-15,19:00:10,USDJPY,SELL,123.51,122.5,0,0,125,122.5,09-11-15,22:19:41,47.7,CLOSED,November,2015,6810
295,09-11-15,19:15:02,EURUSD,SELL,1.0741,1.0667,0,0,1.0767,1.0767,09-11-15,21:52:47,-26.4,CLOSED,November,2015,6783.6
296,09-11-15,20:00:02,EURUSD,SELL,1.0729,1.0655,0,0,1.0755,1.0755,09-11-15,20:54:11,-25.9,CLOSED,November,2015,6757.7
297,10-11-15,18:30:02,EURUSD,SELL,1.07,1.09,0,0,1.03,1.09,17-11-15,7:47:00,45,CLOSED,November,2015,6802.7
298,16-11-15,7:15:45,GBPJPY,BUY,186.45,187.5,0,0,185.4,187.5,16-11-15,9:09:17,33,CLOSED,November,2015,6835.7
299,19-11-15,10:47:47,NZDUSD,SELL,0.6535,0.6435,0,0,0.6635,0.6435,19-11-15,13:39:30,15,CLOSED,November,2015,6850.7
300,19-11-15,12:40:10,GBPJPY,SELL,188.45,186.45,0,0,189.85,186.45,19-11-15,14:48:02,46,CLOSED,November,2015,6896.7
301,19-11-15,15:56:10,GBPUSD,SELL,1.526,1.505,0,0,1.545,1.505,23-11-15,16:53:11,116,CLOSED,November,2015,7012.7
302,19-11-15,21:08:18,NZDUSD,SELL,0.656,0.648,0,0,0.6635,0.648,23-11-15,9:41:19,46,CLOSED,November,2015,7058.7
303,23-11-15,22:03:00,USDCHF,SELL,1.0208,1.009,0,0,1.0345,1.009,23-11-15,23:03:33,15,CLOSED,November,2015,7073.7
304,25-11-15,1:19:45,CHFJPY,BUY,120.57,122.98,0,0,119.6,119.6,26-11-15,14:09:13,-84,CLOSED,November,2015,6989.7
305,25-11-15,14:20:38,GBPAUD,SELL,2.0775,2.0408,0,0,2.1024,2.1024,30-11-15,13:35:20,-90,CLOSED,November,2015,6899.7
306,01-12-15,17:00:49,GBPUSD,BUY,1.5082,1.522,0,0,1.4975,1.4975,02-12-15,20:18:36,-107,CLOSED,December,2015,6792.7
307,03-12-15,17:18:36,EURJPY,SELL,130.3,129.45,0,0,131.1,131.1,03-12-15,18:11:40,-80,CLOSED,December,2015,6712.7
308,07-12-15,20:40:26,USDCAD,SELL,1.351,1.332,0,0,1.3736,1.3736,11-12-15,0:00:00,-226,CLOSED,December,2015,6486.7
309,09-12-15,17:39:29,GBPJPY,SELL,184.81,183.61,0,0,186.03,183.61,10-12-15,0:08:14,81,CLOSED,December,2015,6567.7
310,11-12-15,2:30:00,USDCAD,SELL,1.3636,1.3321,0,0,1.3736,1.3736,11-12-15,0:00:00,-100,CLOSED,December,2015,6467.7
311,14-12-15,0:00:00,GBPNZD,SELL,2.2681,2.235,,,2.2856,2.235,15-12-15,0:00:00,331,CLOSED,December,2015,6798.7
312,18-12-15,0:00:00,EURJPY,SELL,132.33,131.12,,,133.36,131.12,18-12-15,0:00:00,50,CLOSED,December,2015,6848.7
313,11-01-16,0:00:00,GBPJPY,SELL,171.93,170.13,,,173.36,170.13,12-01-16,0:00:00,180,CLOSED,January,2016,7028.7
314,13-01-16,10:14:24,EURUSD,BUY,1.0828,1.0988,0,0,1.0692,1.0988,15-01-16,23:11:48,140,CLOSED,January,2016,7168.7
315,15-01-16,7:07:01,USDCAD,SELL,1.4364,1.4134,0,0,1.4514,1.4514,15-01-16,0:00:00,-150,CLOSED,January,2016,7018.7
316,20-01-16,7:57:08,GBPJPY,BUY,165.95,167.25,0,0,164.45,164.45,20-01-16,14:22:58,-150,CLOSED,January,2016,6868.7
317,20-01-16,17:33:08,USDCAD,SELL,1.4648,1.4248,0,0,1.4928,1.4248,21-01-16,15:52:03,185,CLOSED,January,2016,7053.7
318,21-01-16,17:27:29,GBPUSD,BUY,1.4118,1.4514,0,0,1.3845,1.4514,22-01-16,0:29:42,95,CLOSED,January,2016,7148.7
319,28-01-16,21:18:28,GBPUSD,SELL,1.4395,1.4212,0,0,1.4652,1.4212,28-01-16,22:11:36,24,CLOSED,January,2016,7172.7
320,29-01-16,19:11:56,EURAUD,BUY,1.5343,1.5825,0,0,1.5012,1.5825,03-02-16,3:56:06,170,CLOSED,January,2016,7342.7
321,08-02-16,0:00:00,USDJPY,BUY,115.7,116.98,,,115.52,115.52,08-02-16,0:00:00,-18,CLOSED,February,2016,7324.7
325,14-03-16,16:28:51,EURUSD,BUY,1.1105,1.3316,0,0,1.092,1.3316,0000-00-00,0:00:00,211,CLOSED,March,2016,7535.7
326,22-02-16,16:28:51,EURUSD,BUY,1.1056,1.3316,0,0,1.092,1.092,0000-00-00,0:00:00,-136,CLOSED,February,2016,7399.7
327,15-04-16,4:02:41,GBPCAD,BUY,1.8138,1.857,0,0,1.7898,1.857,18-04-16,7:34:25,222,CLOSED,April,2016,7621.7
328,21-04-16,17:28:14,USDCHF,BUY,0.9696,0.9904,0,0,0.9592,0.9904,22-04-16,16:25:23,80,CLOSED,April,2016,7701.7
329,12-05-16,21:20:16,USDCHF,SELL,0.97,0.952,0,0,0.9765,0.9765,13-05-16,12:08:40,-30,CLOSED,May,2016,7671.7
330,13-05-16,12:13:58,GBPJPY,SELL,156.5,153.6,0,0,157.6,153.6,13-05-16,20:04:03,0,CLOSED,May,2016,7671.7
331,16-05-16,21:35:33,USDCAD,BUY,1.2885,1.33,0,0,1.272,1.33,18-05-16,19:26:58,90,CLOSED,May,2016,7761.7
332,18-05-16,20:38:26,USDCAD,BUY,1.2938,1.33,0,0,1.272,1.33,18-05-16,23:45:59,52,CLOSED,May,2016,7813.7
333,18-05-16,23:48:55,USDCAD,BUY,1.2995,1.33,0,0,1.275,1.33,19-05-16,10:17:56,75,CLOSED,May,2016,7888.7
334,19-05-16,11:28:31,USDCAD,BUY,1.3075,1.33,0,0,1.2885,1.33,19-05-16,16:38:54,20,CLOSED,May,2016,7908.7
335,24-05-16,11:40:33,EURUSD,BUY,1.1222,1.16,0,0,1.11,1.11,06-07-16,11:25:42,-122,CLOSED,May,2016,7786.7
336,24-05-16,13:19:19,EURUSD,BUY,1.1185,1.16,0,0,1.11,1.11,06-07-16,11:25:54,-85,CLOSED,May,2016,7701.7
337,24-05-16,18:56:11,USDJPY,SELL,109.81,105,0,0,111,105,06-07-16,11:27:06,481,CLOSED,May,2016,8182.7
338,24-05-16,22:45:39,USDCAD,BUY,1.3132,1.36,0,0,1.275,1.275,06-07-16,11:29:15,-382,CLOSED,May,2016,7800.7
339,09-06-16,15:33:12,EURUSD,SELL,1.136,1.11,0,0,1.1415,1.11,13-06-16,12:13:48,100,CLOSED,June,2016,7900.7
340,09-06-16,19:16:49,AUDUSD,SELL,0.7432,0.715,0,0,0.7517,0.715,09-06-16,20:59:53,2,CLOSED,June,2016,7902.7
341,13-06-16,14:08:18,GBPUSD,SELL,1.418,1.38,0,0,1.45,1.45,06-07-16,11:30:50,-320,CLOSED,June,2016,7582.7
342,06-07-16,11:33:22,GBPNZD,BUY,1.8175,1.8875,0,0,1.7525,1.8875,16-08-16,8:04:03,700,CLOSED,July,2016,8282.7
343,16-08-16,8:00:42,GBPUSD,BUY,1.288,1.332,0,0,1.248,1.332,21-09-16,8:47:53,440,CLOSED,August,2016,8722.7
344,07-09-16,21:43:00,NZDUSD,SELL,0.7445,0.68,0,0,0.785,0.68,03-10-16,17:34:31,180,CLOSED,September,2016,8902.7
345,14-09-16,13:34:31,AUDNZD,BUY,1.0274,1.0474,0,0,1.0124,1.0474,23-09-16,11:37:35,200,CLOSED,September,2016,9102.7
346,03-10-16,17:40:19,GBPUSD,BUY,1.286,1.332,0,0,1.2655,1.2655,06-10-16,18:46:22,-205,CLOSED,October,2016,8897.7
347,05-10-16,0:28:27,EURNZD,BUY,1.553,1.6224,0,0,1.5286,1.6224,06-10-16,23:36:21,115,CLOSED,October,2016,9012.7
348,08-10-16,0:31:29,EURNZD,SELL,1.5615,1.536,0,0,1.6024,1.536,18-10-16,0:00:00,255,CLOSED,October,2016,9267.7
349,10-10-16,20:39:20,EURUSD,BUY,1.1152,1.1445,0,0,1.106,1.106,12-10-16,7:10:46,-98,CLOSED,October,2016,9169.7
350,18-10-16,7:09:34,GBPNZD,BUY,1.7056,1.776,0,0,1.6686,1.776,25-10-16,19:11:22,46,CLOSED,October,2016,9215.7
351,18-10-16,11:40:21,GBPUSD,BUY,1.2225,1.251,0,0,1.2051,1.251,25-10-16,19:12:05,13,CLOSED,October,2016,9228.7
352,25-10-16,19:14:43,EURGBP,SELL,0.896,0.8762,0,0,0.9034,0.8762,27-10-16,19:13:20,40,CLOSED,October,2016,9268.7
353,25-10-16,19:21:54,EURUSD,BUY,1.0854,1.103,0,0,1.0754,1.103,07-11-16,18:08:39,176,CLOSED,October,2016,9444.7
354,27-10-16,19:39:38,GBPAUD,BUY,1.603,1.6852,0,0,1.5651,1.6852,11-11-16,3:43:55,465,CLOSED,October,2016,9909.7
355,11-11-16,6:49:20,USDCAD,SELL,1.3512,1.276,0,0,1.3852,1.276,02-12-16,2:50:20,199,CLOSED,November,2016,10108.7
356,11-11-16,7:49:00,AUDUSD,SELL,0.7568,0.7249,0,0,0.7878,0.7249,16-11-16,14:35:35,40,CLOSED,November,2016,10148.7
357,16-11-16,14:37:40,USDJPY,SELL,109.51,106.85,0,0,112.48,112.48,0000-00-00,0:00:00,-197,CLOSED,November,2016,9951.7
358,22-11-16,14:37:40,USDJPY,BUY,110.63,113.85,0,0,109.48,113.85,30-11-16,18:00:00,295,CLOSED,November,2016,10246.7
359,30-11-16,23:30:03,USDCHF,SELL,1.018,1.0018,0,0,1.028,1.0018,02-12-16,6:21:29,76,CLOSED,November,2016,10322.7
360,02-12-16,2:54:02,USDJPY,SELL,114.09,111.75,0,0,115.59,111.75,02-12-16,17:57:41,11,CLOSED,December,2016,10333.7
361,06-12-16,17:53:29,USDJPY,BUY,113.84,111.41,0,0,116.65,111.41,0000-00-00,0:00:00,281,CLOSED,December,2016,10614.7
362,06-12-16,17:55:46,GBPCAD,SELL,1.6905,1.6455,0,0,1.7175,1.6455,07-12-16,19:05:48,158,CLOSED,December,2016,10772.7
363,19-12-16,14:22:52,EURUSD,SELL,1.0467,1.0284,0,0,1.0577,1.0284,19-12-16,19:34:35,41,CLOSED,December,2016,10813.7
364,20-12-16,15:47:14,CHFJPY,SELL,114.66,112.13,0,0,115.98,112.13,21-12-16,0:49:17,16,CLOSED,December,2016,10829.7
365,21-12-16,1:04:21,USDCHF,SELL,1.0286,1.0041,0,0,1.0386,1.0041,22-12-16,14:22:50,35,CLOSED,December,2016,10864.7
366,03-01-17,18:41:58,EURUSD,BUY,1.0384,1.0578,0,0,1.0244,1.0578,04-01-17,15:26:22,54,CLOSED,January,2017,10918.7
367,05-01-17,18:57:05,USDJPY,SELL,116.28,114.78,0,0,116.9,114.78,05-01-17,19:48:18,30,CLOSED,January,2017,10948.7
368,06-01-17,11:41:58,USDCAD,SELL,1.3258,1.3122,0,0,1.3332,1.3332,06-01-17,12:26:15,-7,CLOSED,January,2017,10941.7
369,06-01-17,13:25:17,AUDNZD,BUY,1.0448,1.0518,0,0,1.0416,1.0518,06-01-17,19:37:37,12,CLOSED,January,2017,10953.7
370,10-01-17,14:06:14,GBPUSD,BUY,1.212,1.2235,0,0,1.2065,1.2235,10-01-17,19:28:34,40,CLOSED,January,2017,10993.7
371,12-01-17,3:06:56,GBPUSD,BUY,1.2208,1.2425,0,0,1.2108,1.2425,12-01-17,14:36:04,68,CLOSED,January,2017,11061.7
372,23-01-17,21:11:29,EURNZD,BUY,1.4882,1.5432,0,0,1.4662,1.4662,25-01-17,15:27:03,-47,CLOSED,January,2017,11014.7
373,24-01-17,20:37:58,NZDUSD,SELL,0.7274,0.7074,0,0,0.7424,0.7424,02-02-17,14:14:05,-26,CLOSED,January,2017,10988.7
374,26-01-17,19:52:04,AUDJPY,SELL,86.16,83.36,0,0,87.74,83.36,26-01-17,20:03:30,4,CLOSED,January,2017,10992.7
375,27-01-17,12:15:01,AUDJPY,SELL,86.69,83.39,0,0,88.17,88.17,15-02-17,21:44:22,-142,CLOSED,January,2017,10850.7
376,31-01-17,11:11:39,EURNZD,BUY,1.4672,1.4852,0,0,1.4564,1.4852,01-02-17,9:34:00,180,CLOSED,January,2017,11030.7
377,02-02-17,19:20:42,AUDUSD,SELL,0.7691,0.7366,0,0,0.7858,0.7366,09-02-17,18:07:14,44,CLOSED,February,2017,11074.7
378,07-02-17,0:25:45,EURNZD,BUY,1.4692,1.4934,0,0,1.4575,1.4575,07-02-17,0:53:30,-3,CLOSED,February,2017,11071.7
379,13-02-17,16:37:16,EURNZD,BUY,1.4788,1.5055,0,0,1.4632,1.4632,23-02-17,12:39:58,-156,CLOSED,February,2017,10915.7
380,15-02-17,14:54:35,EURAUD,BUY,1.374,1.4163,0,0,1.3517,1.4163,09-03-17,14:17:51,307,CLOSED,February,2017,11222.7
381,23-02-17,11:32:52,EURJPY,BUY,119.66,123.7,0,0,118.06,123.7,09-03-17,14:16:14,134,CLOSED,February,2017,11356.7
382,28-02-17,10:13:38,AUDUSD,SELL,0.7686,0.7521,0,0,0.7795,0.7521,02-03-17,17:25:47,73,CLOSED,February,2017,11429.7
383,28-02-17,22:49:03,EURNZD,BUY,1.4684,1.4946,0,0,1.4559,1.4946,03-03-17,6:54:39,237,CLOSED,February,2017,11666.7
384,03-03-17,7:02:25,GBPUSD,BUY,1.227,1.2653,0,0,1.2042,1.2653,17-03-17,22:40:23,119,CLOSED,March,2017,11785.7
385,07-03-17,18:52:21,GBPAUD,BUY,1.605,1.6297,0,0,1.5964,1.6297,09-03-17,14:18:59,135,CLOSED,March,2017,11920.7
386,14-03-17,13:56:47,EURJPY,SELL,122.49,121.25,0,0,123.35,121.25,15-03-17,13:19:24,50,CLOSED,March,2017,11970.7
387,14-03-17,17:18:30,AUDCAD,SELL,1.0171,0.9864,0,0,1.0327,1.0327,20-03-17,18:56:48,-156,CLOSED,March,2017,11814.7
388,20-03-17,18:58:35,GBPAUD,BUY,1.6028,1.6433,0,0,1.5845,1.6433,22-03-17,4:28:13,214,CLOSED,March,2017,12028.7
389,20-03-17,19:00:30,AUDUSD,SELL,0.7728,0.7511,0,0,0.7795,0.7511,22-03-17,19:39:19,64,CLOSED,March,2017,12092.7
390,24-03-17,1:35:42,EURJPY,BUY,119.66,122.25,0,0,118.75,122.25,29-03-17,12:24:29,38,CLOSED,March,2017,12130.7
391,27-03-17,15:40:45,GBPAUD,SELL,1.6486,1.6224,0,0,1.6626,1.6224,28-03-17,21:16:19,139,CLOSED,March,2017,12269.7
392,30-03-17,14:15:09,GBPJPY,BUY,137.85,142.86,0,0,136.08,142.86,31-03-17,10:39:52,203,CLOSED,March,2017,12472.7
393,31-03-17,21:20:21,EURJPY,BUY,119.22,121.97,0,0,118.35,118.35,03-04-17,20:31:14,-87,CLOSED,March,2017,12385.7
394,03-04-17,21:38:02,USDJPY,BUY,110.95,113.15,0,0,109.92,109.92,11-04-17,20:26:01,-103,CLOSED,April,2017,12282.7
395,07-04-17,11:14:47,EURUSD,BUY,1.0648,1.0998,0,0,1.0472,1.0472,11-04-17,15:27:05,-43,CLOSED,April,2017,12239.7
396,11-04-17,15:43:51,GBPJPY,BUY,137.41,142.15,0,0,135.21,142.15,19-04-17,18:52:51,242,CLOSED,April,2017,12481.7
397,12-04-17,18:36:02,NZDUSD,BUY,0.6919,0.7189,0,0,0.6802,0.7189,17-04-17,14:32:37,94,CLOSED,April,2017,12575.7
398,18-04-17,19:29:06,USDJPY,BUY,108.92,112.35,0,0,107.15,112.35,20-04-17,21:27:10,40,CLOSED,April,2017,12615.7
399,20-04-17,15:27:52,EURCAD,SELL,1.4515,1.4276,0,0,1.4646,1.4276,21-04-17,1:31:48,76,CLOSED,April,2017,12691.7
400,25-04-17,22:35:03,EURCAD,SELL,1.4894,1.4725,0,0,1.4972,1.4725,26-04-17,1:08:14,68,CLOSED,April,2017,12759.7
401,27-04-17,6:00:58,USDCAD,SELL,1.3627,1.3431,0,0,1.3762,1.3431,27-04-17,9:09:25,94,CLOSED,April,2017,12853.7
402,28-04-17,17:23:04,GBPCAD,SELL,1.7656,1.7235,0,0,1.7886,1.7235,12-05-17,15:02:20,43,CLOSED,April,2017,12896.7
403,03-05-17,13:36:15,GBPAUD,SELL,1.7255,1.6641,0,0,1.742,1.742,04-05-17,18:07:15,-165,CLOSED,May,2017,12731.7
404,05-05-17,16:03:29,USDCAD,SELL,1.3778,1.342,0,0,1.3891,1.342,15-05-17,19:59:38,135,CLOSED,May,2017,12866.7
405,09-05-17,10:23:40,GBPAUD,SELL,1.7606,1.7158,0,0,1.7721,1.7158,12-05-17,15:03:06,225,CLOSED,May,2017,13091.7
406,18-05-17,22:10:56,GBPAUD,SELL,1.7488,1.7171,0,0,1.7672,1.7171,23-05-17,14:02:12,180,CLOSED,May,2017,13271.7
407,22-05-17,19:50:52,EURUSD,SELL,1.1256,1.1117,0,0,1.1316,1.1117,24-05-17,11:40:00,82,CLOSED,May,2017,13353.7
408,23-05-17,15:03:28,AUDNZD,BUY,1.0662,1.0896,0,0,1.0579,1.0579,26-05-17,11:12:19,-83,CLOSED,May,2017,13270.7
409,31-05-17,19:28:16,AUDNZD,BUY,1.0472,1.0842,0,0,1.0374,1.0374,22-06-17,19:30:12,-80,CLOSED,May,2017,13190.7
410,06-06-17,20:50:29,NZDUSD,SELL,0.7202,0.7079,0,0,0.727,0.727,15-06-17,17:22:55,-68,CLOSED,June,2017,13122.7
411,12-06-17,19:57:53,EURCHF,BUY,1.0851,1.1022,0,0,1.0771,1.1022,29-06-17,13:33:59,92,CLOSED,June,2017,13214.7
412,20-06-17,20:42:36,EURNZD,BUY,1.5382,1.5919,0,0,1.5054,1.5919,28-06-17,7:36:09,198,CLOSED,June,2017,13412.7
413,22-06-17,12:23:44,EURGBP,SELL,0.8811,0.8172,0,0,0.9067,0.8172,23-06-17,19:49:13,12,CLOSED,June,2017,13424.7
414,29-06-17,13:40:19,GBPUSD,SELL,1.2979,1.2791,0,0,1.3068,1.2791,04-07-17,22:09:08,55,CLOSED,June,2017,13479.7
415,30-06-17,14:58:56,NZDUSD,SELL,0.7326,0.7141,0,0,0.7419,0.7141,04-07-17,20:35:21,32,CLOSED,June,2017,13511.7
416,04-07-17,22:17:04,GBPCHF,SELL,1.2468,1.222,0,0,1.2607,1.2607,14-07-17,19:54:36,-139,CLOSED,July,2017,13372.7
417,06-07-17,21:16:15,EURJPY,SELL,129.27,125.26,0,0,131.48,125.26,13-07-17,16:30:55,60,CLOSED,July,2017,13432.7
418,13-07-17,16:50:25,EURNZD,BUY,1.548,1.5939,0,0,1.523,1.5939,13-07-17,18:59:29,102,CLOSED,July,2017,13534.7
419,14-07-17,20:21:35,GBPUSD,SELL,1.3074,1.2769,0,0,1.3267,1.2769,17-07-17,19:49:35,6,CLOSED,July,2017,13540.7
420,17-07-17,19:54:00,USDCAD,BUY,1.2635,1.3011,0,0,1.2426,1.2426,27-07-17,8:35:32,-209,CLOSED,July,2017,13331.7
421,18-07-17,19:27:03,USDCHF,BUY,0.9531,0.9709,0,0,0.9444,0.9709,20-07-17,14:21:34,33,CLOSED,July,2017,13364.7
422,21-07-17,12:46:31,USDCHF,BUY,0.9499,0.9821,0,0,0.9392,0.9821,28-07-17,7:45:08,190,CLOSED,July,2017,13554.7
423,27-07-17,19:10:40,EURJPY,SELL,130.39,127.65,0,0,131.48,127.65,09-08-17,17:41:10,168,CLOSED,July,2017,13722.7
424,01-08-17,0:56:58,EURUSD,SELL,1.1833,1.1479,0,0,1.1948,1.1479,08-08-17,20:55:08,90,CLOSED,August,2017,13812.7
425,08-08-17,19:39:46,EURGBP,SELL,0.9079,0.8869,0,0,0.917,0.8869,10-08-17,17:43:47,50,CLOSED,August,2017,13862.7
426,14-08-17,9:40:06,EURGBP,SELL,0.9086,0.8839,0,0,0.9269,0.9269,27-08-17,9:16:24,-183,CLOSED,August,2017,13679.7
427,18-08-17,20:44:45,USDCHF,BUY,0.9613,0.9935,0,0,0.9437,0.9437,29-08-17,15:33:41,-176,CLOSED,August,2017,13503.7
428,21-08-17,19:53:01,USDJPY,BUY,108.69,109.92,0,0,108.03,109.92,25-08-17,15:21:11,90,CLOSED,August,2017,13593.7
429,28-08-17,18:54:17,USDCAD,BUY,1.2452,1.2811,0,0,1.2291,1.2811,31-08-17,2:13:29,173,CLOSED,August,2017,13766.7
430,30-08-17,9:23:34,EURGBP,SELL,0.9263,0.9061,0,0,0.9386,0.9061,31-08-17,2:15:37,66,CLOSED,August,2017,13832.7
431,05-09-17,14:09:51,AUDNZD,SELL,1.1091,1.0848,0,0,1.1156,1.0848,12-09-17,12:40:43,50,CLOSED,September,2017,13882.7
432,08-09-17,17:33:47,EURUSD,SELL,1.2063,1.167,0,0,1.2259,1.167,12-09-17,20:19:41,101,CLOSED,September,2017,13983.7
433,12-09-17,12:51:20,USDCAD,BUY,1.2093,1.2441,0,0,1.1885,1.2441,18-09-17,18:56:41,109,CLOSED,September,2017,14092.7
434,18-09-17,19:01:34,EURCHF,SELL,1.1468,1.1138,0,0,1.1628,1.1138,28-09-17,3:29:39,53,CLOSED,September,2017,14145.7
435,19-09-17,10:24:34,EURJPY,SELL,133.72,128.78,0,0,135.44,128.78,04-10-17,21:26:18,101,CLOSED,September,2017,14246.7
436,05-10-17,15:43:37,EURUSD,SELL,1.1763,1.1613,0,0,1.1853,1.1613,05-10-17,19:20:47,40,CLOSED,October,2017,14286.7
437,09-10-17,21:50:49,USDCHF,SELL,0.9797,0.9539,0,0,0.9981,0.9539,12-10-17,15:35:51,47,CLOSED,October,2017,14333.7
438,13-10-17,16:47:10,GBPCHF,SELL,1.2969,1.2773,0,0,1.3058,1.2773,13-10-17,21:09:24,7,CLOSED,October,2017,14340.7
439,16-10-17,19:58:46,GBPCHF,SELL,1.2954,1.2286,0,0,1.3118,1.3118,25-10-17,15:44:38,-146,CLOSED,October,2017,14194.7
440,20-10-17,21:33:36,EURCHF,SELL,1.1585,1.1145,0,0,1.1762,1.1762,27-12-17,20:06:16,-177,CLOSED,October,2017,14017.7
441,30-10-17,21:09:58,USDCHF,SELL,0.9973,0.9753,0,0,1.0116,0.9753,31-10-17,11:21:16,13,CLOSED,October,2017,14030.7
442,31-10-17,14:52:57,GBPCHF,SELL,1.3169,1.2284,0,0,1.3433,1.2284,20-11-17,17:37:43,38,CLOSED,October,2017,14068.7
443,14-11-17,20:18:30,AUDUSD,BUY,0.7636,0.7841,0,0,0.7491,0.7841,21-12-17,9:26:54,27,CLOSED,November,2017,14095.7
444,20-11-17,20:13:00,EURAUD,SELL,1.5577,1.5276,0,0,1.5676,1.5676,27-11-17,10:53:45,-99,CLOSED,November,2017,13996.7
445,28-11-17,3:32:23,EURCAD,SELL,1.5188,1.4296,0,0,1.5531,1.4296,10-01-18,16:12:31,281,CLOSED,November,2017,14277.7
446,18-01-18,19:17:26,USDCHF,BUY,0.9599,1.0139,0,0,0.9375,0.9375,26-01-18,2:09:12,-224,CLOSED,January,2018,14053.7
448,25-01-18,2:15:23,USDJPY,BUY,109.24,116.71,0,0,106.44,106.44,15-02-18,7:32:54,-280,CLOSED,January,2018,13773.7
449,01-12-17,2:15:23,EURUSD,BUY,0,0,0,0,0,0,01-12-17,2:25:50,0,CLOSED,December,2017,13773.7
450,31-01-18,18:46:30,AUDUSD,SELL,0.8108,0.7763,0,0,0.8254,0.7763,07-02-18,22:39:18,271,CLOSED,January,2018,14044.7
451,13-02-18,20:39:44,EURCAD,SELL,1.5591,1.5008,0,0,1.5755,1.5755,04-03-18,1:18:40,-164,CLOSED,February,2018,13880.7
452,16-02-18,0:34:36,USDJPY,BUY,106.37,117.57,0,0,102.61,117.57,26-04-18,3:43:17,308,CLOSED,February,2018,14188.7
453,01-03-18,20:10:57,GBPCAD,SELL,1.7673,1.7101,0,0,1.7973,1.7973,07-03-18,23:09:44,-300,CLOSED,March,2018,13888.7
454,08-03-18,13:11:57,EURCAD,SELL,1.5994,1.4767,0,0,1.6334,1.4767,06-04-18,13:49:39,367,CLOSED,March,2018,14255.7
455,08-03-18,13:14:04,GBPCAD,SELL,1.7926,1.6514,0,0,1.8422,1.6514,24-04-18,0:29:34,20,CLOSED,March,2018,14275.7
456,10-04-18,17:26:10,EURCHF,SELL,1.1795,1.1242,0,0,1.2067,1.1242,25-05-18,1:55:38,174,CLOSED,April,2018,14449.7
457,18-04-18,1:01:52,GBPCHF,SELL,1.3797,1.3164,0,0,1.3997,1.3164,04-05-18,13:55:23,258,CLOSED,April,2018,14707.7
458,26-04-18,3:49:53,NZDUSD,BUY,0.7067,0.7247,0,0,0.6974,0.6974,08-05-18,18:40:29,-93,CLOSED,April,2018,14614.7
459,04-05-18,14:08:16,USDCHF,SELL,0.9989,0.9738,0,0,1.0076,0.9738,25-05-18,1:57:37,77,CLOSED,May,2018,14691.7
460,10-05-18,11:43:59,NZDUSD,BUY,0.6906,0.7313,0,0,0.6721,0.7313,08-06-18,3:53:09,121,CLOSED,May,2018,14812.7
461,28-05-18,16:18:12,GBPUSD,BUY,1.3327,1.3687,0,0,1.3142,1.3142,15-06-18,0:32:11,-50,CLOSED,May,2018,14762.7
462,29-06-18,16:22:48,GBPCHF,BUY,1.3052,1.3655,0,0,1.2679,1.3655,16-07-18,22:14:15,145,CLOSED,June,2018,14907.7
463,29-06-18,16:26:42,GBPUSD,BUY,1.3138,1.3551,0,0,1.2985,1.3551,16-07-18,22:09:12,86,CLOSED,June,2018,14993.7
464,19-07-18,5:10:05,GBPUSD,BUY,1.3073,1.3687,0,0,1.2882,1.2882,11-08-18,4:26:54,-191,CLOSED,July,2018,14802.7
465,19-07-18,5:12:47,NZDUSD,BUY,0.6791,0.7191,0,0,0.6615,0.6615,11-08-18,4:26:18,-176,CLOSED,July,2018,14626.7
